Type,URL
image,https://fstt.ac.ma/Portail2023/wp-content/uploads/2023/03/fst-1024x383.png
image,https://fstt.ac.ma/Portail2023/wp-content/uploads/2023/03/logo-uae-1024x297.png
image,https://fstt.ac.ma/Portail2023/wp-content/uploads/2023/05/WhatsApp-Image-2023-05-11-at-10.33.36-AM.jpeg
image,https://fstt.ac.ma/Portail2023/wp-content/uploads/2024/10/fstt-web-garde1.jpg
image,https://fstt.ac.ma/Portail2023/wp-content/uploads/2024/03/Cairn_web.png
image,https://fstt.ac.ma/Portail2023/wp-content/uploads/2023/03/MAIL.png
image,https://fstt.ac.ma/Portail2023/wp-content/uploads/2023/03/erasmusplus.png
image,https://fstt.ac.ma/Portail2023/wp-content/uploads/2023/12/Khirrij_web_1.png
image,https://fstt.ac.ma/Portail2023/wp-content/uploads/2023/03/eservices-989x1024.png
image,https://fstt.ac.ma/Portail2023/wp-content/uploads/2023/03/fstclubs-1-989x1024.png
image,https://fstt.ac.ma/Portail2023/wp-content/uploads/2023/04/fsttt-989x1024.png
image,https://fstt.ac.ma/Portail2023/wp-content/uploads/elementor/thumbs/CDI_site_web-scaled-ql0lchu0zxed1gl5e68ld0rx2743fxe7rf5v4aegw4.jpg
image,https://fstt.ac.ma/Portail2023/wp-content/uploads/2024/03/CFA_3_site_web-scaled-1.jpg
image,https://fstt.ac.ma/Portail2023/wp-content/uploads/elementor/thumbs/OGI-ENV-qluluu2rckal34ktep0ghnsjqc5a5e3wsbuggdg16s.png
image,https://fstt.ac.ma/Portail2023/wp-content/uploads/2023/06/GreenFabLab-1024x768.jpg
image,https://fstt.ac.ma/Portail2023/wp-content/uploads/2023/04/FABLAB.png
image,https://fstt.ac.ma/Portail2023/wp-content/uploads/2023/04/index.png
image,https://fstt.ac.ma/Portail2023/wp-content/uploads/2023/04/UAE.png
image,https://fstt.ac.ma/Portail2023/wp-content/uploads/2023/06/region_TTH.png
image,https://fstt.ac.ma/Portail2023/wp-content/uploads/2023/06/onssa.png
image,https://fstt.ac.ma/Portail2023/wp-content/uploads/2023/06/inrh.png
image,https://fstt.ac.ma/Portail2023/wp-content/uploads/2023/06/renault_nissan.png
image,https://fstt.ac.ma/Portail2023/wp-content/uploads/2023/04/chambre-d-commerce-espagnole.png
image,https://fstt.ac.ma/Portail2023/wp-content/uploads/2023/06/inra.png
image,https://fstt.ac.ma/Portail2023/wp-content/uploads/2023/04/Docapost.png
image,https://fstt.ac.ma/Portail2023/wp-content/uploads/2023/04/Expleo.png
image,https://fstt.ac.ma/Portail2023/wp-content/uploads/2023/06/TE1.png
image,https://fstt.ac.ma/Portail2023/wp-content/uploads/2023/04/SEBN.png
image,https://fstt.ac.ma/Portail2023/wp-content/uploads/2023/04/FABLAB.png
image,https://fstt.ac.ma/Portail2023/wp-content/uploads/2023/04/index.png
image,https://fstt.ac.ma/Portail2023/wp-content/uploads/2023/04/UAE.png
image,https://fstt.ac.ma/Portail2023/wp-content/uploads/2023/06/region_TTH.png
